Rec_number,LatencyGA.goal,Species,LatencyMAU.goal,Social_unit
301319,0.63,EAC,1.23,Waibira
301003,0,EAC,1.1,Waibira
300037,0,EAC,0,Waibira
301016,0,EAC,0,Waibira
300383,0.33,EAC,8,Waibira
300521,-1.28,EAC,-1.28,Waibira
301366,1.64,EAC,3.1,Waibira
300444,0.76,EAC,1.56,Waibira
301008,-0.11,EAC,1.8,Waibira
300113,0.1,EAC,1.41,Waibira
301231,1.4,EAC,2.81,Waibira
301200,0.26,EAC,1.35,Waibira
301211,0,EAC,1.98,Waibira
301268,0.41,EAC,3.21,Waibira
300013,0.03,EAC,0.03,Waibira
301049,-0.66,EAC,1.12,Waibira
301658,0.71,EAC,1.35,Waibira
300116,0.95,EAC,0.98,Waibira
300083,0,EAC,0.66,Waibira
301298,1.08,EAC,4.59,Waibira
301025,-1.04,EAC,-0.61,Waibira
301042,0,EAC,0.79,Waibira
300074,0,EAC,1.44,Waibira
301365,1,EAC,1.47,Waibira
301139,0,EAC,1.15,Waibira
301476,0.51,EAC,1.32,Waibira
301555,0,EAC,0.14,Waibira
301659,2.13,EAC,2.41,Waibira
301052,0.12,EAC,0.84,Waibira
301010,0,EAC,0.81,Waibira
300368,0,EAC,0.2,Waibira
301518,-0.5,EAC,-0.5,Waibira
301014,0.29,EAC,0.29,Waibira
301809,0,EAC,0,Waibira
301321,0.23,EAC,3.58,Waibira
300046,0,EAC,2.22,Waibira
300048,0.7,EAC,1.95,Waibira
300148,0.85,EAC,1.68,Waibira
300421,0,EAC,7.16,Waibira
301545,5.41,EAC,5.41,Waibira
300575,1.05,EAC,3.15,Waibira
300229,0,EAC,0.96,Waibira
301584,0,EAC,0,Waibira
301108,1.1,EAC,1.98,Waibira
300179,0.81,EAC,2.38,Waibira
300437,3.71,EAC,3.71,Waibira
300051,0.23,EAC,0.93,Waibira
301797,1.72,EAC,1.72,Waibira
300225,0,EAC,0.3,Waibira
301009,1.57,EAC,3.31,Waibira
301225,0,EAC,0,Waibira
300414,0,EAC,2.22,Waibira
300416,0.62,EAC,2.87,Waibira
301551,0,EAC,0.66,Waibira
300546,0.08,EAC,0.08,Waibira
301136,0.38,EAC,2.74,Waibira
301018,0.23,EAC,1.21,Waibira
300424,0,EAC,0.21,Waibira
300142,0.41,EAC,30.33,Waibira
300413,-0.07,EAC,1.21,Waibira
301469,0,EAC,0,Waibira
300100,1.57,EAC,1.76,Waibira
301671,0,EAC,0.31,Waibira
301144,0,EAC,2.17,Waibira
301053,0.17,EAC,0.87,Waibira
300245,0,EAC,3.9,Waibira
300172,0,EAC,0.86,Waibira
300408,0,EAC,0.78,Waibira
301593,0,EAC,1.81,Waibira
301214,0,EAC,1.19,Waibira
300203,0,EAC,2.81,Waibira
301204,0.92,EAC,1.1,Waibira
301145,-0.18,EAC,0.32,Waibira
301259,0.32,EAC,11.25,Waibira
301570,0.77,EAC,0.77,Waibira
300219,2.17,EAC,2.35,Waibira
301149,0.32,EAC,2.22,Waibira
301538,0,EAC,1.09,Waibira
301524,0,EAC,0.82,Waibira
301314,0,EAC,0,Waibira
300316,-0.31,EAC,-0.31,Waibira
301113,0.01,EAC,0.88,Waibira
301121,0.96,EAC,3.42,Waibira
301332,1.58,EAC,1.82,Waibira
300166,0,EAC,0.55,Waibira
300331,0.64,EAC,1.52,Waibira
301154,0,EAC,2.88,Waibira
300202,1.1,EAC,2.15,Waibira
301594,1.48,EAC,1.48,Waibira
300369,0,EAC,0,Waibira
300211,0,EAC,0.27,Waibira
301370,-0.22,EAC,0.66,Waibira
301317,0,EAC,3.32,Waibira
301217,-0.04,EAC,-0.04,Waibira
300212,0,EAC,0.28,Waibira
300427,0,EAC,0.87,Waibira
300378,0,EAC,0.77,Waibira
301187,0,EAC,1.09,Waibira
301596,0,EAC,2.9,Waibira
301553,0,EAC,0,Waibira
300580,0.19,EAC,0.19,Waibira
301156,0.22,EAC,0.22,Waibira
301170,0,EAC,2.58,Waibira
301120,0,EAC,0,Waibira
301209,0,EAC,0,Waibira
300061,-0.6,EAC,-0.6,Waibira
301023,1.78,EAC,2.08,Waibira
301248,0,EAC,0.23,Waibira
301478,0.17,EAC,0.77,Waibira
300075,0,EAC,0.88,Waibira
300215,2.83,EAC,3.38,Waibira
300060,0,EAC,1.82,Waibira
300200,-0.31,EAC,0.87,Waibira
300501,-0.86,EAC,0.29,Waibira
300029,0,EAC,3.06,Waibira
300226,0.19,EAC,1.28,Waibira
301072,-0.08,EAC,0.07,Waibira
301109,0.09,EAC,0.75,Waibira
300082,1.37,EAC,2.54,Waibira
300438,-0.61,EAC,0.75,Waibira
301173,0.98,EAC,2.66,Waibira
300269,0,EAC,0.94,Waibira
301186,0.24,EAC,1.27,Waibira
300346,0,EAC,4.89,Waibira
301779,0,EAC,0.54,Waibira
300345,-0.24,EAC,-0.24,Waibira
300084,0,EAC,1.42,Waibira
300118,0.13,EAC,0.25,Waibira
300054,0.13,EAC,0.58,Waibira
301371,1.44,EAC,1.44,Waibira
301523,0,EAC,0.33,Waibira
301311,-0.45,EAC,-0.45,Waibira
300057,0.05,EAC,0.46,Waibira
300508,-0.05,EAC,1.14,Waibira
301531,0,EAC,3.2,Waibira
300560,0,EAC,0.29,Waibira
300077,-0.79,EAC,-0.79,Waibira
300053,0.26,EAC,1.17,Waibira
301226,0,EAC,0,Waibira
301513,-0.65,EAC,1.63,Waibira
301362,0,EAC,0,Waibira
301164,0,EAC,0,Waibira
301069,0,EAC,0.14,Waibira
300079,-0.89,EAC,-0.89,Waibira
301191,-0.67,EAC,-0.67,Waibira
301667,0,EAC,0.28,Waibira
301783,0.23,EAC,0.57,Waibira
300240,-0.7,EAC,0.31,Waibira
300076,-1.51,EAC,-1.51,Waibira
300146,0.23,EAC,10.22,Waibira
301163,0.34,EAC,0.57,Waibira
301472,0.15,EAC,0.15,Waibira
101811,-0.04,EAC,1.24,Sonso
101994,0.92,EAC,1.68,Sonso
101297,2.6,EAC,4.36,Sonso
101614,0,EAC,0.84,Sonso
102461,-1.8,EAC,-0.36,Sonso
102966,0.44,EAC,0.44,Sonso
102189,0.04,EAC,0.2,Sonso
104220,1.44,EAC,2.2,Sonso
104046,0,EAC,0.96,Sonso
102747,0,EAC,4.72,Sonso
100879,0.24,EAC,0.24,Sonso
101907,0,EAC,0.76,Sonso
103243,0.04,EAC,0.04,Sonso
103281,0,EAC,1,Sonso
104490,0,EAC,1.92,Sonso
102392,-0.2,EAC,-0.2,Sonso
100425,-0.04,EAC,6.76,Sonso
102915,0.24,EAC,0.24,Sonso
100006,-0.04,EAC,0.52,Sonso
103116,0,EAC,3.84,Sonso
101163,14.12,EAC,15.88,Sonso
102741,0.04,EAC,1.92,Sonso
100213,0.16,EAC,1.12,Sonso
103042,1.28,EAC,2.72,Sonso
104611,0.6,EAC,1.2,Sonso
101990,0.8,EAC,1.24,Sonso
104085,0,EAC,0.44,Sonso
102887,0.44,EAC,1.28,Sonso
101627,-0.04,EAC,-0.04,Sonso
100275,0.48,EAC,1.08,Sonso
100009,0,EAC,1.32,Sonso
103999,0.76,EAC,0.76,Sonso
101443,5.4,EAC,5.4,Sonso
102930,0.68,EAC,1.8,Sonso
103843,0.04,EAC,0.72,Sonso
104430,0,EAC,1.48,Sonso
100236,-0.28,EAC,-0.28,Sonso
101831,-0.76,EAC,-0.76,Sonso
100536,-0.04,EAC,0.2,Sonso
100644,4.92,EAC,5.6,Sonso
104055,-0.32,EAC,-0.04,Sonso
100537,22.4,EAC,23.44,Sonso
101639,1.88,EAC,2.88,Sonso
104339,3.84,EAC,3.84,Sonso
101974,0.08,EAC,1,Sonso
103184,0,EAC,0,Sonso
100151,-0.12,EAC,0.32,Sonso
103780,0,EAC,0,Sonso
101137,-0.88,EAC,0.92,Sonso
102752,0,EAC,2.28,Sonso
104769,0,EAC,1.28,Sonso
104813,0.2,EAC,0.84,Sonso
100282,-0.16,EAC,0,Sonso
104426,0,EAC,2.12,Sonso
100214,0,EAC,0.36,Sonso
101619,0.24,EAC,6.24,Sonso
104358,0.32,EAC,1.24,Sonso
101092,1.04,EAC,2.6,Sonso
101558,0.28,EAC,0.56,Sonso
104818,0,EAC,1.96,Sonso
103097,0.16,EAC,3.12,Sonso
101837,0.72,EAC,0.96,Sonso
103454,0,EAC,2,Sonso
103439,0,EAC,0,Sonso
104152,0.2,EAC,0.28,Sonso
101584,0.04,EAC,0.04,Sonso
100667,0.64,EAC,0.64,Sonso
104057,1.48,EAC,1.48,Sonso
104350,0,EAC,4.64,Sonso
102517,0.28,EAC,0.64,Sonso
102980,1.76,EAC,2.36,Sonso
103898,2.36,EAC,2.36,Sonso
100199,-1.08,EAC,1.12,Sonso
104563,0,EAC,1.2,Sonso
100237,0,EAC,0,Sonso
104889,0,EAC,0.64,Sonso
102275,0.32,EAC,7.32,Sonso
104379,3.56,EAC,5.76,Sonso
100669,0.16,EAC,0.84,Sonso
101585,0.08,EAC,0.44,Sonso
104131,3.04,EAC,4.36,Sonso
101917,-1.12,EAC,0.04,Sonso
104454,0.04,EAC,1.52,Sonso
100310,-0.84,EAC,-0.84,Sonso
103096,0.2,EAC,0.48,Sonso
102174,1.08,EAC,1.36,Sonso
101995,0.56,EAC,0.56,Sonso
101845,0.16,EAC,0.56,Sonso
104659,0,EAC,1.72,Sonso
103438,0,EAC,0,Sonso
103814,0.44,EAC,0.92,Sonso
101835,-0.04,EAC,1,Sonso
100881,0,EAC,0.6,Sonso
100007,-0.32,EAC,0,Sonso
101355,-0.04,EAC,0.32,Sonso
104443,0.44,EAC,1.8,Sonso
100350,0,EAC,0,Sonso
100648,0.72,EAC,3.36,Sonso
101407,3.32,EAC,3.32,Sonso
101583,0.12,EAC,0.36,Sonso
104249,1.24,EAC,2.72,Sonso
102751,0.44,EAC,0.8,Sonso
104814,1.72,EAC,2.24,Sonso
100584,0.12,EAC,0.52,Sonso
100380,-0.36,EAC,1.2,Sonso
103897,1.36,EAC,1.36,Sonso
103035,0.52,EAC,1.28,Sonso
103819,0,EAC,1.6,Sonso
104383,0,EAC,0,Sonso
101843,0,EAC,0.72,Sonso
101120,-0.04,EAC,1.16,Sonso
103554,0,EAC,1.2,Sonso
100343,0,EAC,0.6,Sonso
100263,-1.4,EAC,-1.4,Sonso
104109,4.12,EAC,4.12,Sonso
104409,0,EAC,1.52,Sonso
104435,0.32,EAC,1.08,Sonso
101612,1.24,EAC,1.56,Sonso
103015,0.44,EAC,2.48,Sonso
100588,-0.04,EAC,-0.04,Sonso
104000,0,EAC,1.72,Sonso
103779,0.24,EAC,0.24,Sonso
103388,0,EAC,1.36,Sonso
104885,0,EAC,1.2,Sonso
104548,0.4,EAC,3.16,Sonso
104422,1.84,EAC,4.24,Sonso
103037,0,EAC,0.76,Sonso
103387,2.4,EAC,2.4,Sonso
101862,0.28,EAC,0.52,Sonso
101589,0.8,EAC,0.8,Sonso
100969,0.92,EAC,1.84,Sonso
102718,0.32,EAC,0.32,Sonso
104883,0,EAC,0.76,Sonso
102347,1.56,EAC,3.04,Sonso
100526,0.04,EAC,0.84,Sonso
101520,-0.68,EAC,1.52,Sonso
103091,0,EAC,0.28,Sonso
101617,0.72,EAC,3.72,Sonso
100273,-0.92,EAC,0.48,Sonso
102341,12.56,EAC,17.8,Sonso
104797,0.4,EAC,1,Sonso
102746,0,EAC,0.8,Sonso
103524,0.28,EAC,5.84,Sonso
101636,1.88,EAC,2.92,Sonso
101088,3.12,EAC,3.12,Sonso
102546,0,EAC,0.92,Sonso
102520,-0.04,EAC,0.36,Sonso
103440,0,EAC,1.28,Sonso
103168,0.12,EAC,0.68,Sonso
103123,0,EAC,2.76,Sonso
104891,-1.56,EAC,-0.72,Sonso
103841,0,EAC,1.08,Sonso
100277,1.64,EAC,1.64,Sonso
101309,0.24,EAC,2,Sonso
101643,7.48,EAC,14.32,Sonso
101615,0.04,EAC,1.24,Sonso
103092,0.32,EAC,1.2,Sonso
102815,-0.04,EAC,-0.04,Sonso
103093,-0.04,EAC,7.84,Sonso
103845,0.16,EAC,0.92,Sonso
103055,0.04,EAC,1.04,Sonso
101906,1.24,EAC,4,Sonso
100313,16.76,EAC,16.76,Sonso
103840,1.16,EAC,1.52,Sonso
104491,0,EAC,1.64,Sonso
104030,3.04,EAC,37.92,Sonso
104555,0,EAC,1.88,Sonso
102522,1.68,EAC,1.88,Sonso
103233,26.84,EAC,29.56,Sonso
104257,0,EAC,1.6,Sonso
104481,0,EAC,1,Sonso
102470,-0.08,EAC,2.56,Sonso
104462,1.16,EAC,1.16,Sonso
104745,0.16,EAC,0.96,Sonso
100665,3.48,EAC,3.48,Sonso
101381,0,EAC,0.2,Sonso
104859,2.6,EAC,3.76,Sonso
101704,1.6,EAC,1.6,Sonso
100546,2.08,EAC,2.84,Sonso
100248,0,EAC,0.56,Sonso
100427,0,EAC,1.36,Sonso
100279,-1.4,EAC,-1.4,Sonso
103771,3.72,EAC,4.52,Sonso
101594,0,EAC,5.28,Sonso
104880,0.04,EAC,3.08,Sonso
100748,0.28,EAC,0.28,Sonso
103391,0,EAC,1.16,Sonso
101628,1.8,EAC,3.36,Sonso
100251,0.32,EAC,2.24,Sonso
104731,1.04,EAC,1.28,Sonso
102829,-0.2,EAC,1.92,Sonso
101353,0.24,EAC,0.4,Sonso
104135,3.56,EAC,4.44,Sonso
103835,1.48,EAC,2.6,Sonso
103733,0,EAC,0.96,Sonso
103118,0.56,EAC,11.04,Sonso
104326,0,EAC,4.84,Sonso
100106,0.52,EAC,0.88,Sonso
104378,1.12,EAC,4.24,Sonso
100186,0.76,EAC,3.12,Sonso
100985,4.6,EAC,5.92,Sonso
104884,0,EAC,1.76,Sonso
103120,-0.04,EAC,4.76,Sonso
101266,0,EAC,0,Sonso
103056,0.72,EAC,1.52,Sonso
101119,-0.04,EAC,0.2,Sonso
104820,0.96,EAC,1.6,Sonso
101029,0,EAC,0.8,Sonso
100874,-1.76,EAC,0.04,Sonso
104348,0.88,EAC,1.8,Sonso
104245,0.68,EAC,2.36,Sonso
103839,3.76,EAC,6.4,Sonso
104419,0,EAC,4.52,Sonso
103085,0.04,EAC,0.84,Sonso
100479,3.28,EAC,5.4,Sonso
104398,0,EAC,1.28,Sonso
104158,0,EAC,0.64,Sonso
101350,0.16,EAC,0.44,Sonso
101842,9.92,EAC,10.68,Sonso
104346,0.08,EAC,2.72,Sonso
101939,2.16,EAC,2.16,Sonso
100325,-0.36,EAC,-0.36,Sonso
103650,0,EAC,0.84,Sonso
103734,-0.04,EAC,0.64,Sonso
102570,0,EAC,0,Sonso
104712,0,EAC,0,Sonso
103459,1.12,EAC,1.6,Sonso
100911,0.68,EAC,2.8,Sonso
103038,0.28,EAC,1.12,Sonso
100585,-0.04,EAC,2.12,Sonso
103104,0,EAC,3.24,Sonso
102000,0.04,EAC,0.32,Sonso
101318,0.2,EAC,1.04,Sonso
101523,1.16,EAC,1.16,Sonso
103969,0.84,EAC,2.04,Sonso
104221,0,EAC,0.16,Sonso
100582,-3.8,EAC,-2.08,Sonso
102582,0.24,EAC,0.24,Sonso
104556,0.04,EAC,1.12,Sonso
101858,4.08,EAC,4.2,Sonso
101890,-3.12,EAC,-2.04,Sonso
101402,2.36,EAC,2.36,Sonso
100030,0.28,EAC,0.4,Sonso
104489,0.88,EAC,1.56,Sonso
102833,0.88,EAC,1,Sonso
103036,0,EAC,0.68,Sonso
103946,0.44,EAC,0.44,Sonso
100003,0.4,EAC,0.92,Sonso
102902,0.2,EAC,0.2,Sonso
100187,0,EAC,0.76,Sonso
103088,0,EAC,0.96,Sonso
100590,-0.44,EAC,0.12,Sonso
100142,0.16,EAC,0.48,Sonso
101732,0.4,EAC,1.04,Sonso
102348,3.44,EAC,3.68,Sonso
100171,0,EAC,0.52,Sonso
104482,0.12,EAC,0.28,Sonso
102710,-0.04,EAC,0.36,Sonso
103945,0.2,EAC,0.2,Sonso
101307,2.28,EAC,2.28,Sonso
101668,-0.6,EAC,0.52,Sonso
101833,-0.04,EAC,0.88,Sonso
104764,0,EAC,0.76,Sonso
100592,0.28,EAC,0.28,Sonso
104444,0,EAC,1.12,Sonso
100502,0.92,EAC,5.08,Sonso
100304,7.92,EAC,7.92,Sonso
102585,0.08,EAC,0.24,Sonso
104507,0.28,EAC,0.28,Sonso
104655,0,EAC,2.84,Sonso
104863,0,EAC,1.08,Sonso
104752,0,EAC,0,Sonso
100956,0.28,EAC,5.44,Sonso
102547,0,EAC,0.32,Sonso
104888,0,EAC,0.4,Sonso
102581,0.12,EAC,0.12,Sonso
101895,0.04,EAC,0.04,Sonso
101750,0,EAC,1.08,Sonso
104711,0.48,EAC,0.48,Sonso
103993,0.8,EAC,3,Sonso
100900,1.92,EAC,4.8,Sonso
102182,2.64,EAC,5.52,Sonso
104322,11.28,EAC,11.28,Sonso
102486,2.16,EAC,8.12,Sonso
101735,-0.24,EAC,0.84,Sonso
104418,0.04,EAC,0.04,Sonso
104006,0,EAC,2.04,Sonso
104892,4.96,EAC,4.96,Sonso
100254,0.24,EAC,1,Sonso
101032,2.6,EAC,3.92,Sonso
104133,1.08,EAC,2.96,Sonso
100290,6.44,EAC,6.44,Sonso
101633,0.44,EAC,1.32,Sonso
103111,0,EAC,0.52,Sonso
104568,0.2,EAC,0.76,Sonso
102831,0.88,EAC,1.72,Sonso
102745,-1,EAC,1.68,Sonso
104347,-0.04,EAC,1.28,Sonso
103709,0.16,EAC,1.56,Sonso
101083,2.56,EAC,2.56,Sonso
100107,-0.48,EAC,1.24,Sonso
103838,0,EAC,0.72,Sonso
104608,0.16,EAC,0.2,Sonso
101593,-0.08,EAC,23.64,Sonso
102398,3.8,EAC,3.8,Sonso
104052,0.28,EAC,0.4,Sonso
100072,-4.56,EAC,0.24,Sonso
104480,0.32,EAC,0.32,Sonso
104750,0.16,EAC,0.92,Sonso
104357,0.24,EAC,0.56,Sonso
103081,0.16,EAC,0.72,Sonso
100323,0.4,EAC,1.44,Sonso
103797,1.08,EAC,9.96,Sonso
100037,0.44,EAC,1.48,Sonso
100181,1.24,EAC,1.24,Sonso
101881,3,EAC,3.96,Sonso
102558,5.81,EAC,5.81,Sonso
104095,0.2,EAC,0.2,Sonso
101602,-0.96,EAC,2.96,Sonso
104306,-1.24,EAC,0.04,Sonso
103113,0.2,EAC,0.48,Sonso
104440,1.4,EAC,1.4,Sonso
100495,-0.04,EAC,-0.04,Sonso
101880,0.12,EAC,1.84,Sonso
104059,0.2,EAC,0.48,Sonso
104887,0,EAC,0.56,Sonso
101515,0.48,EAC,0.48,Sonso
103453,0,EAC,2.12,Sonso
100144,1.72,EAC,3.12,Sonso
104748,0.4,EAC,1.96,Sonso
100473,-0.04,EAC,0.36,Sonso
103776,0.72,EAC,0.72,Sonso
104423,0,EAC,0.68,Sonso
104803,0,EAC,0.92,Sonso
100377,0.28,EAC,1.64,Sonso
104476,0.68,EAC,2.48,Sonso
101591,0,EAC,0.24,Sonso
103822,0.96,EAC,0.96,Sonso
102974,0.32,EAC,0.8,Sonso
104479,2.68,EAC,5.12,Sonso
100777,0.36,EAC,0.68,Sonso
103198,0,EAC,0,Sonso
104759,0.6,EAC,0.6,Sonso
101846,0.08,EAC,2.04,Sonso
101887,3.44,EAC,4.24,Sonso
103944,0.04,EAC,0.4,Sonso
104552,-0.08,EAC,2.32,Sonso
100207,-1.6,EAC,-0.16,Sonso
100112,1.2,EAC,2.72,Sonso
104661,-0.04,EAC,3.44,Sonso
102575,0.2,EAC,0.2,Sonso
104605,2.28,EAC,2.28,Sonso
104606,0,EAC,1.76,Sonso
102594,0.08,EAC,7.84,Sonso
100111,0.96,EAC,2.57,Sonso
102539,0.12,EAC,2.16,Sonso
104874,3.88,EAC,4.28,Sonso
102761,0,EAC,1.36,Sonso
103473,0,EAC,1.88,Sonso
101661,0.48,EAC,1.56,Sonso
104351,0,EAC,0.6,Sonso
103353,0.16,EAC,0.28,Sonso
102496,0.8,EAC,1.12,Sonso
100378,0.4,EAC,3.12,Sonso
100957,2.84,EAC,3.08,Sonso
104879,0,EAC,2.76,Sonso
103775,0,EAC,1.84,Sonso
100776,0.32,EAC,0.32,Sonso
100209,3.44,EAC,5.2,Sonso
104325,0.12,EAC,2.84,Sonso
100915,0.32,EAC,4.12,Sonso
101882,0.56,EAC,1.8,Sonso
101769,-0.04,EAC,-0.04,Sonso
101751,-0.04,EAC,1.36,Sonso
101595,-0.08,EAC,3.68,Sonso
102017,2.76,EAC,3.08,Sonso
103122,0,EAC,0.96,Sonso
101645,-0.04,EAC,1.08,Sonso
103778,3.4,EAC,4.84,Sonso
101033,0,EAC,1.96,Sonso
103846,0.04,EAC,1.44,Sonso
100205,4.04,EAC,8.24,Sonso
104094,2.08,EAC,4.2,Sonso
100374,0,EAC,1.92,Sonso
103095,6.2,EAC,6.2,Sonso
101629,0.56,EAC,1.08,Sonso
104167,0.2,EAC,1,Sonso
104878,0,EAC,0.6,Sonso
101551,-6.24,EAC,-2,Sonso
101273,1.64,EAC,1.64,Sonso
102749,0.12,EAC,0.44,Sonso
102603,4.12,EAC,4.64,Sonso
103798,0.6,EAC,0.6,Sonso
103710,0,EAC,0,Sonso
100583,0.2,EAC,0.84,Sonso
104744,1.96,EAC,3.08,Sonso
103533,0,EAC,0,Sonso
101542,0.6,EAC,0.84,Sonso
101543,-7.84,EAC,-1.72,Sonso
104717,0,EAC,13.72,Sonso
102738,10.24,EAC,11,Sonso
103070,0.16,EAC,0.16,Sonso
101630,1,EAC,1.92,Sonso
101153,0.16,EAC,0.8,Sonso
102976,-0.04,EAC,0.8,Sonso
100278,4.16,EAC,8.68,Sonso
104875,0,EAC,1.2,Sonso
100407,0.16,EAC,0.56,Sonso
104844,6.12,EAC,9.92,Sonso
100935,0.92,EAC,3.16,Sonso
101116,-1.84,EAC,0.08,Sonso
102299,0.04,EAC,0.04,Sonso
101635,0.6,EAC,1.72,Sonso
104013,10.68,EAC,16.4,Sonso
103774,0,EAC,0,Sonso
101586,0,EAC,0.2,Sonso
103836,0,EAC,0.16,Sonso
104719,0.08,EAC,0.24,Sonso
104767,0.68,EAC,1.04,Sonso
104083,10.68,EAC,11.92,Sonso
102693,1.76,EAC,2.76,Sonso
104658,1.52,EAC,1.88,Sonso
104248,0,EAC,0.36,Sonso
100100,-0.04,EAC,-0.04,Sonso
104253,0,EAC,0.64,Sonso
100630,0.24,EAC,0.4,Sonso
100099,0,EAC,0,Sonso
104247,0,EAC,1.24,Sonso
101284,0.08,EAC,2.72,Sonso
103796,2.76,EAC,2.76,Sonso
100979,10.84,EAC,10.84,Sonso
100666,-0.32,EAC,0.32,Sonso
101123,4.2,EAC,4.2,Sonso
102767,0,EAC,0.28,Sonso
103089,2.08,EAC,2.76,Sonso
103619,0,EAC,1.28,Sonso
100081,-1.6,EAC,-0.12,Sonso
104779,0.04,EAC,1.23,Sonso
103094,0,EAC,1.84,Sonso
101634,1.12,EAC,1.76,Sonso
102905,-0.16,EAC,0.88,Sonso
102890,0,EAC,13.92,Sonso
104547,0.48,EAC,2.2,Sonso
100654,0.36,EAC,0.96,Sonso
104166,-0.04,EAC,6.36,Sonso
104246,2.56,EAC,3.84,Sonso
101494,2.04,EAC,2.6,Sonso
101279,-0.16,EAC,-0.16,Sonso
104192,1.24,EAC,5.68,Sonso
104670,-0.12,EAC,0.08,Sonso
104255,0,EAC,1.32,Sonso
100232,-0.08,EAC,0.52,Sonso
104356,0.16,EAC,3.16,Sonso
104251,0,EAC,1.6,Sonso
103777,0,EAC,0,Sonso
104132,0.76,EAC,1.16,Sonso
104264,0,EAC,1.96,Sonso
100597,-6.28,EAC,-2,Sonso
100552,0.32,EAC,2.44,Sonso
101701,0.12,EAC,0.12,Sonso
104799,0,EAC,0.76,Sonso
100197,0.04,EAC,0.04,Sonso
104441,-0.04,EAC,11.68,Sonso
104108,0,EAC,0.92,Sonso
104353,1.56,EAC,3.24,Sonso
103911,0,EAC,4.84,Sonso
100039,0,EAC,0.2,Sonso
102935,0.64,EAC,1.76,Sonso
102909,0,EAC,1.24,Sonso
102292,1,EAC,1.12,Sonso
101317,3.6,EAC,4.36,Sonso
104082,0.12,EAC,2.76,Sonso
100306,0,EAC,0.76,Sonso
102744,2.64,EAC,3.4,Sonso
100655,0.92,EAC,1.36,Sonso
103991,0.12,EAC,0.4,Sonso
101557,2.76,EAC,5,Sonso
103090,0.04,EAC,0.68,Sonso
100524,-0.04,EAC,0.4,Sonso
100022,0,EAC,0,Sonso
101592,-0.04,EAC,0.24,Sonso
104852,2.44,EAC,2.44,Sonso
104429,1.48,EAC,1.56,Sonso
103034,0,EAC,0,Sonso
101581,0.2,EAC,1.44,Sonso
102109,0,EAC,2.92,Sonso
100025,0,EAC,1.04,Sonso
104042,0.64,EAC,1.32,Sonso
101603,1.6,EAC,2.8,Sonso
104461,0,EAC,1.36,Sonso
101733,-0.04,EAC,-0.04,Sonso
104439,0.24,EAC,0.32,Sonso
102335,-0.04,EAC,-0.04,Sonso
100973,1,EAC,1,Sonso
101351,0.16,EAC,0.16,Sonso
104101,1.6,EAC,1.6,Sonso
102002,0.96,EAC,0.96,Sonso
100024,0,EAC,0,Sonso
100284,0,EAC,0.68,Sonso
104183,1,EAC,1.64,Sonso
104222,5.6,EAC,7.32,Sonso
100778,-0.16,EAC,0.76,Sonso
103025,0.92,EAC,2.64,Sonso
100880,2.4,EAC,3.04,Sonso
100927,-0.04,EAC,-0.04,Sonso
101587,0.88,EAC,0.92,Sonso
102085,1.04,EAC,1.96,Sonso
103117,0,EAC,3.56,Sonso
104847,3.4,EAC,3.72,Sonso
103895,0.24,EAC,1.8,Sonso
100023,0,EAC,0.8,Sonso
100014,0,EAC,8.4,Sonso
105156,0,EAC,1.44,Sonso
105281,1.96,EAC,1.96,Sonso
105114,-0.88,EAC,1.52,Sonso
105128,0,EAC,0.72,Sonso
105099,0,EAC,0.68,Sonso
105146,0,EAC,2.4,Sonso
105197,0,EAC,2.64,Sonso
105228,-0.04,EAC,0.28,Sonso
105182,0,EAC,1.32,Sonso
105119,0.08,EAC,1,Sonso
105155,1.12,EAC,1.64,Sonso
105143,0.68,EAC,1.16,Sonso
105111,0,EAC,2.76,Sonso
105152,0,EAC,1.96,Sonso
105130,0,EAC,0,Sonso
105096,0.24,EAC,0.68,Sonso
105280,1.04,EAC,4.64,Sonso
105165,0.16,EAC,0.16,Sonso
105139,0.52,EAC,0.92,Sonso
105141,1.56,EAC,3.12,Sonso
105279,0.28,EAC,0.88,Sonso
105171,0,EAC,2.12,Sonso
104943,1.96,EAC,2.68,Sonso
104999,1.4,EAC,3.52,Sonso
104937,0.04,EAC,1.04,Sonso
104993,0,EAC,0.36,Sonso
104994,0,EAC,2.76,Sonso
105043,0,EAC,0,Sonso
104934,1.8,EAC,4.36,Sonso
105064,0.76,EAC,20.56,Sonso
104939,-1.24,EAC,0.24,Sonso
105010,0,EAC,5.32,Sonso
105051,0.04,EAC,0.16,Sonso
105084,0,EAC,0.52,Sonso
105057,0.64,EAC,5.36,Sonso
104946,0.12,EAC,0.48,Sonso
105014,0.52,EAC,10.8,Sonso
104960,0,EAC,0,Sonso
105090,-0.04,EAC,1,Sonso
104922,0,EAC,0.56,Sonso
104959,0,EAC,0.96,Sonso
105091,1.72,EAC,2.12,Sonso
104925,0,EAC,0,Sonso
R200171,9.14,MG,9.14,Muk
R200770,7.14,MG,8.76,Muk
R200482,0.13,MG,1.2,Muk
R200679,0.48,MG,0.48,Muk
R200251,0.69,MG,1.1,Muk
R201380,0,MG,1.27,Muk
R201575,4.63,MG,5.32,Muk
R200480,-0,MG,1.29,Muk
R201128,1.79,MG,1.79,Muk
R201379,0,MG,1.63,Muk
R200252,10.67,MG,14.68,Muk
R201444,0,MG,12.91,Muk
R201608,1.72,MG,1.72,Muk
R200691,1.96,MG,2.07,Muk
R200515,0.65,MG,1.34,Muk
R201361,0,MG,3.39,Muk
R200511,2.15,MG,2.67,Muk
R200539,1.95,MG,2.5,Muk
R200477,0.17,MG,3.4,Muk
R200450,1.04,MG,2.79,Muk
R200354,0,MG,7.46,Muk
R201192,3.94,MG,3.94,Muk
R203097,2.61,MG,3.9,Muk
R201374,2.12,MG,3.37,Muk
R201637,2.17,MG,2.91,Muk
R201204,2.78,MG,3.12,Muk
R201647,1.39,MG,2.1,Muk
R201646,-0.01,MG,0.12,Muk
R200382,0.76,MG,1.26,Muk
R201378,1.04,MG,1.6,Muk
R200783,0.87,MG,16.82,Muk
R201558,0.84,MG,0.84,Muk
R201196,0.92,MG,1.42,Muk
R201528,0.79,MG,2.25,Muk
R201281,0.29,MG,1.3,Muk
R201471,1.88,MG,2.1,Muk
R200444,5.43,MG,6.45,Muk
R200441,0.24,MG,1.57,Muk
R200445,0.61,MG,0.61,Muk
R200428,1.05,MG,1.05,Muk
R201591,0.69,MG,1.04,Muk
R200353,0.71,MG,2.57,Muk
R201449,1.22,MG,1.44,Muk
R201372,2.23,MG,2.23,Muk
R200517,0.06,MG,2.66,Muk
R200519,2.12,MG,2.12,Muk
R200063,0.96,MG,3.84,Muk
R200500,0.8,MG,1.05,Muk
R200485,2.44,MG,2.44,Muk
R200396,0.08,MG,0.58,Muk
R200525,0,MG,5.76,Muk
R200443,0.01,MG,1.79,Muk
R200456,0.02,MG,0.02,Muk
R200397,24.18,MG,24.18,Muk
R200728,0.26,MG,1.12,Muk
R201238,1.11,MG,2.85,Muk
R200697,1.7,MG,2.06,Muk
R200065,0.77,MG,0.81,Muk
R200236,3.58,MG,3.73,Muk
R200521,0.92,MG,2.25,Muk
R200786,1.44,MG,2.08,Muk
R201614,0.01,MG,1.43,Muk
R200701,0.43,MG,0.52,Muk
R201219,0.75,MG,1.84,Muk
R201253,0.11,MG,1.61,Ruk
R201322,2,MG,3.35,Ruk
R200562,0.82,MG,0.82,Ruk
R201254,0,MG,3.72,Ruk
R200024,17.78,MG,18.44,Ruk
R200015,0,MG,2.89,Ruk
R200734,0.73,MG,1.31,Ruk
R200567,0.11,MG,0.11,Ruk
R200563,0,MG,1.52,Ruk
R200557,2.49,MG,2.54,Ruk
R200993,0.01,MG,1.23,Ruk
R200016,0,MG,2.64,Ruk
R200011,0,MG,4.77,Ruk
R200543,0,MG,4.45,Ruk
R201151,0,MG,1.1,Ruk
R200546,2.02,MG,3.48,Ruk
R201326,31.58,MG,32.7,Ruk
R200014,0.02,MG,4.11,Ruk
R200018,0,MG,2.52,Ruk
R200547,0,MG,5.92,Ruk
R200373,1.99,MG,2.35,Bit
R201075,0.6,MG,3.32,Bit
R200035,1.89,MG,3.26,Bit
R201684,0.36,MG,0.73,Bit
R200040,3.48,MG,60.98,Bit
R200111,0.61,MG,0.61,Bit
R200984,0.55,MG,0.83,Bit
R201366,1.98,MG,2.82,Bit
R200173,4.74,MG,5.38,Bit
R200411,2.3,MG,2.63,Bit
R200962,2.8,MG,3.1,Bit
R200412,5.73,MG,7.63,Bit
R200108,0,MG,2.2,Bit
R201287,0.18,MG,0.18,Bit
R200101,0,MG,4.42,Bit
R201661,9.58,MG,9.86,Bit
R200424,2.45,MG,3.08,Bit
R201243,0.01,MG,4.76,Bit
R200420,9.19,MG,9.42,Bit
R200094,4,MG,5.04,Bit
R200340,1.91,MG,1.91,Bit
R200421,0.67,MG,1.07,Bit
R203306,0,MG,2.36,Oru
R200200,0.35,MG,0.95,Oru
R200081,0.69,MG,0.69,Oru
R200074,0.76,MG,2.66,Oru
R200195,1.47,MG,1.95,Oru
R202500,5.8,MG,5.8,Muk
R201811,0,MG,3.84,Muk
R202845,0,MG,5.99,Muk
R203076,1.64,MG,1.92,Muk
R202858,0,MG,0.68,Muk
R202853,0,MG,8.36,Muk
R202854,0,MG,0.35,Muk
R202937,0.03,MG,1.65,Muk
R202701,0,MG,2.26,Muk
R202582,0,MG,1.55,Muk
R201718,0.76,MG,34.4,Muk
R202857,0,MG,6.37,Muk
R202691,0.53,MG,1.85,Muk
R202991,1.56,MG,1.99,Muk
R202627,0.64,MG,4.13,Muk
R201816,3.24,MG,5.4,Muk
R202690,1.28,MG,2.07,Muk
R202886,1.81,MG,6.36,Muk
R202887,0.65,MG,2.37,Muk
R202962,2.58,MG,2.65,Muk
R202688,0.02,MG,1.65,Muk
R201796,2.32,MG,3.1,Muk
R202989,0,MG,1.83,Muk
R202633,2.69,MG,6.2,Muk
R201813,3.74,MG,3.74,Muk
R202849,0.03,MG,1.27,Muk
R202579,0,MG,0.39,Muk
R202936,0,MG,2.26,Muk
R202882,0,MG,4.81,Muk
R202576,3.9,MG,4.28,Muk
R202825,0.03,MG,5.29,Muk
R201801,0.04,MG,0.04,Muk
R202835,0,MG,0,Muk
R201738,1.84,MG,2.21,Muk
R202637,4.01,MG,4.01,Muk
R201743,5.29,MG,6,Muk
R201445,-0.03,MG,0.72,Muk
R200574,0.65,MG,1.76,Muk
R202983,0,MG,1.16,Muk
R202933,0.82,MG,1.8,Muk
R202856,0,MG,40.17,Muk
R202855,0,MG,1.27,Muk
R202873,-0,MG,0.45,Muk
R201741,1.17,MG,7.4,Muk
R202848,0,MG,0.95,Muk
R202846,0.04,MG,0.62,Muk
R202941,0.13,MG,3.96,Ruk
R202945,0,MG,0.61,Ruk
R202943,0,MG,3.92,Ruk
R202940,0,MG,3.28,Ruk
R203047,0,MG,0,Bit
R202659,0.11,MG,4.31,Bit
R203028,0,MG,2.75,Bit
R201922,1.12,MG,32.24,Bit
R201751,2.31,MG,2.71,Bit
R201754,0.65,MG,1.81,Bit
R202948,1.34,MG,2.08,Bit
R202950,0,MG,7.48,Bit
R203023,0.51,MG,1.22,Bit
R202658,0,MG,6.18,Bit
R203046,0,MG,0,Bit
R202953,9.65,MG,10.32,Bit
R202954,0,MG,0,Bit
R202753,0.15,MG,0.15,Bit
R201924,0.16,MG,8.38,Bit
R201832,3.24,MG,5.92,Bit
R202563,2.34,MG,2.34,Bit
R202680,0,MG,2.08,Bit
R203024,0,MG,0.34,Bit
R203026,0,MG,3.36,Bit
R202951,0.01,MG,2.36,Bit
R203025,0,MG,1.43,Bit
R203041,0,MG,1.59,Oru
R202424,3.82,MG,4.14,Muk
R202226,0,MG,4.78,Muk
R202063,0,MG,3.57,Muk
R202040,-0.24,MG,-0.24,Muk
R203275,0.01,MG,2.15,Muk
R202249,0.04,MG,4.5,Muk
R202207,0.05,MG,4.54,Muk
R202213,0,MG,0.98,Muk
R202154,0.27,MG,2.34,Muk
R202037,0.56,MG,0.56,Muk
R202419,0,MG,5.51,Muk
R202220,0.06,MG,1.2,Muk
R202241,0,MG,10.47,Muk
R202219,0,MG,0.32,Muk
R202223,0,MG,0,Muk
R202061,0,MG,78.11,Muk
R202156,0.08,MG,4.48,Muk
R202224,0,MG,6.94,Muk
R202140,0.06,MG,6.66,Muk
R202288,0,MG,0.73,Bit
R202301,0,MG,4.44,Bit
R202304,0,MG,9.73,Bit
R201991,-0.04,MG,4.4,Bit
R202075,0.16,MG,0.16,Bit
R203278,0,MG,0.65,Bit
R203279,0,MG,0.92,Bit
R202109,2.32,MG,2.8,Bit
R201996,-0,MG,7.21,Bit
R202366,2.68,MG,2.68,Bit
R201995,24.92,MG,25.96,Bit
R202350,0.12,MG,3.88,Bit
R202365,0.1,MG,8.42,Bit
R202284,1.9,MG,4.74,Bit
R202271,0.93,MG,1.54,Bit
R202335,1.55,MG,2.7,Bit
R202370,0,MG,0.52,Bit
R203280,4.74,MG,6.5,Oru
R203287,0,MG,4.34,Oru
R203288,-0,MG,0.94,Oru
R203281,1.29,MG,2.19,Oru
R203230,2.42,MG,2.42,Muk
R203216,1.79,MG,2.56,Muk
R203099,0,MG,35.8,Muk
R203215,6.18,MG,7.88,Muk
R203098,0,MG,1.15,Muk
R203236,4.08,MG,5.1,Muk
R203182,0.89,MG,1.59,Muk
R203144,2.74,MG,3.47,Muk
R203180,10.29,MG,15.06,Muk
R203242,2.5,MG,3.21,Muk
R203104,0.06,MG,0.95,Muk
R203178,1.33,MG,1.54,Muk
R203152,2.04,MG,2.55,Ruk
R203208,0.04,MG,1.75,Ruk
R203210,0,MG,2.24,Ruk
R203177,1.56,MG,1.56,Ruk
R203207,0,MG,6.96,Ruk
R203163,0,MG,10.88,Ruk
R203189,1.99,MG,1.99,Bit
R201512,0,MG,0.36,Bit
R203150,0.21,MG,44.8,Bit
R203260,0.87,MG,8.4,Bit
R203196,0.01,MG,6.76,Bit
R201879,4.41,MG,5,Bit
R203259,2.48,MG,3.25,Bit
NA,0.68,MG,1.04,Bit
R203168,0.32,MG,1.93,Bit
